"m_id","temperature","humidity","m_name","winddirection","windspeed","m_date","lat","lot"
"0",,,"WT1","273.29","4.28","2023-04-11 11:28:03","35.456703","129.328354"
"1",,,"WT2","178.73","2.55","2023-04-11 11:28:03","35.456997","129.328217"
"2",,,"WT3","178.04","3.95","2023-04-11 11:28:03","35.456944","129.32666"
"3",,,"WT4","253.5","4.4","2023-04-11 11:28:03","35.455063","129.327988"
"4",,,"WT5","216.19","6.54","2023-04-11 11:28:03","35.45512","129.330215"
"5",,,"WT6","269.45","5.78","2023-04-11 11:28:03","35.455124","129.330612"
"6",,,"WT7","202.24","4.28","2023-04-11 11:28:03","35.455727","129.329498"
"7",,,"WT8","196.53","3.54","2023-04-11 11:28:03","35.456108","129.3302"
"8",,,"WT1","295.29","2.82","2023-04-11 11:26:57","35.456703","129.328354"
"9",,,"WT2","249.57","3","2023-04-11 11:26:57","35.456997","129.328217"
"10",,,"WT3","289.08","1.85","2023-04-11 11:26:57","35.456944","129.32666"
"11",,,"WT4","5.5","2.4","2023-04-11 11:26:57","35.455063","129.327988"
"12",,,"WT5","228.24","7.1","2023-04-11 11:26:57","35.45512","129.330215"
"13",,,"WT6","270.07","6.98","2023-04-11 11:26:57","35.455124","129.330612"
"14",,,"WT7","230.07","3.74","2023-04-11 11:26:57","35.455727","129.329498"
"15",,,"WT8","226.72","2.98","2023-04-11 11:26:57","35.456108","129.3302"
"16",,,"WT3","64","1.4","2023-04-11 11:26:17","35.456944","129.326667"
"17",,,"WT4","295","1.9","2023-04-11 11:25:51","35.455063","129.327988"
"18",,,"WT5","260.16","5.72","2023-04-11 11:25:51","35.45512","129.330215"
"19",,,"WT6","10","0.3","2023-04-11 11:25:51","35.455124","129.330612"
"20",,,"WT7","176.93","3.15","2023-04-11 11:25:51","35.455727","129.329498"
"21",,,"WT8","194.87","2.72","2023-04-11 11:25:51","35.456108","129.3302"
"24",,,"WT1","232.1","2.38","2023-04-11 11:24:50","35.456703","129.328354"
"25",,,"WT2","158.52","0.7","2023-04-11 11:24:50","35.456997","129.328217"
"26",,,"WT3","247.23","3.4","2023-04-11 11:24:50","35.456944","129.326667"
"27",,,"WT4","10","3.15","2023-04-11 11:24:50","35.455063","129.327988"
"28",,,"WT5","224.74","3.62","2023-04-11 11:24:50","35.45512","129.330215"
"29",,,"WT6","299.34","5.03","2023-04-11 11:24:50","35.455124","129.330612"
"30",,,"WT7","212.33","4.1","2023-04-11 11:24:50","35.455727","129.329498"
"31",,,"WT8","237.22","3.12","2023-04-11 11:24:50","35.456108","129.3302"
"32",,,"WT1","261.7","3.08","2023-04-11 11:23:44","35.456703","129.328354"
"33",,,"WT2","78","2.1","2023-04-11 11:23:44","35.456997","129.328217"
"34",,,"WT3","213.51","3.66","2023-04-11 11:23:44","35.456944","129.326667"
"35",,,"WT4","2.5","2.25","2023-04-11 11:23:44","35.455063","129.327988"
"36",,,"WT5","230.84","5.02","2023-04-11 11:23:44","35.45512","129.330215"
"37",,,"WT6","301.67","3.13","2023-04-11 11:23:44","35.455124","129.330612"
"38",,,"WT7","222.79","1.6","2023-04-11 11:23:44","35.455727","129.329498"
"39",,,"WT8","240.93","2.13","2023-04-11 11:23:44","35.456108","129.3302"
"40",,,"WT1","231.28","3.4","2023-04-11 11:22:38","35.456703","129.328354"
"41",,,"WT2","233.53","4.1","2023-04-11 11:22:38","35.456997","129.328217"
"42",,,"WT3","263.25","2.1","2023-04-11 11:22:38","35.456944","129.326667"
"43",,,"WT4","277.5","3.25","2023-04-11 11:22:38","35.455063","129.327988"
"44",,,"WT5","258.79","3.8","2023-04-11 11:22:38","35.45512","129.330215"
"45",,,"WT6","287.03","1.8","2023-04-11 11:22:38","35.455124","129.330612"
"46",,,"WT7","198.84","3.05","2023-04-11 11:22:38","35.455727","129.329498"
"47",,,"WT8","220.61","3.3","2023-04-11 11:22:38","35.456108","129.3302"
"48",,,"WT1","213.33","4.9","2023-04-11 11:21:32","35.456703","129.328354"
"49",,,"WT2","214.55","1.9","2023-04-11 11:21:32","35.456997","129.328217"
"50",,,"WT3","204.95","2.75","2023-04-11 11:21:32","35.456944","129.326667"
"51",,,"WT4","313","1.3","2023-04-11 11:21:32","35.455063","129.327988"
"52",,,"WT5","225.5","5.62","2023-04-11 11:21:32","35.45512","129.330215"
"53",,,"WT6","302.94","4.3","2023-04-11 11:21:32","35.455124","129.330612"
"54",,,"WT7","219.54","2.78","2023-04-11 11:21:32","35.455727","129.329498"
"55",,,"WT8","191.66","2.7","2023-04-11 11:21:32","35.456108","129.3302"
"56",,,"WT1","350","3.8","2023-04-11 11:20:26","35.456703","129.328354"
"57",,,"WT2","182.51","1.3","2023-04-11 11:20:26","35.456997","129.328217"
"58",,,"WT3","262.28","2.43","2023-04-11 11:20:26","35.456944","129.326667"
"59",,,"WT4","55","4","2023-04-11 11:20:26","35.455063","129.327988"
"60",,,"WT5","235.9","5.32","2023-04-11 11:20:26","35.45512","129.330215"
"61",,,"WT6","285","3.93","2023-04-11 11:20:26","35.455124","129.330612"
"62",,,"WT7","205.23","2.15","2023-04-11 11:20:26","35.455727","129.329498"
"63",,,"WT8","211.41","3.33","2023-04-11 11:20:26","35.456108","129.3302"
"64",,,"WT1","197.59","3.03","2023-04-11 11:19:20","35.456703","129.328354"
"65",,,"WT2","230.66","3.1","2023-04-11 11:19:20","35.456997","129.328217"
"66",,,"WT3","224.36","2.97","2023-04-11 11:19:20","35.456944","129.326667"
"67",,,"WT4","39.5","1.4","2023-04-11 11:19:20","35.455063","129.327988"
"68",,,"WT5","230.82","4.97","2023-04-11 11:19:20","35.45512","129.330215"
"69",,,"WT6","252","2.9","2023-04-11 11:19:20","35.455124","129.330612"
"70",,,"WT7","176.91","1.8","2023-04-11 11:19:20","35.455727","129.329498"
"71",,,"WT8","229.5","2.1","2023-04-11 11:19:20","35.456108","129.3302"
"72",,,"WT1","237.14","2.15","2023-04-11 11:18:14","35.456703","129.328354"
"73",,,"WT2","219.82","2.57","2023-04-11 11:18:14","35.456997","129.328217"
"74",,,"WT3","192.42","1.77","2023-04-11 11:18:14","35.456944","129.326667"
"75",,,"WT4","256","2.85","2023-04-11 11:18:14","35.455063","129.327988"
"76",,,"WT5","214","6.3","2023-04-11 11:18:14","35.45512","129.330215"
"77",,,"WT6","7.98","1.6","2023-04-11 11:18:15","35.455124","129.330612"
"78",,,"WT7","216.34","1.93","2023-04-11 11:18:15","35.455727","129.329498"
"79",,,"WT8","142.5","3.3","2023-04-11 11:18:15","35.456108","129.3302"
"80",,,"WT1","214.76","5.54","2023-04-11 11:17:08","35.456703","129.328354"
"81",,,"WT2","233.18","3.4","2023-04-11 11:17:08","35.456997","129.328217"
"82",,,"WT3","174.5","4.65","2023-04-11 11:17:08","35.456944","129.326667"
"83",,,"WT4","5","3.7","2023-04-11 11:17:09","35.455063","129.327988"
"84",,,"WT5","259.24","4.9","2023-04-11 11:17:09","35.45512","129.330215"
"85",,,"WT6","24.18","1.6","2023-04-11 11:17:10","35.455124","129.330612"
"86",,,"WT7","187.05","3.8","2023-04-11 11:17:09","35.455727","129.329498"
"87",,,"WT8","219.53","2.77","2023-04-11 11:17:09","35.456108","129.3302"
"88",,,"WT1","234.52","5","2023-04-11 11:16:02","35.456703","129.328354"
"89",,,"WT2","215.83","3.87","2023-04-11 11:16:02","35.456997","129.328217"
"90",,,"WT3","213.94","2.64","2023-04-11 11:16:02","35.456944","129.326667"
"91",,,"WT4","5.5","2.75","2023-04-11 11:16:02","35.455063","129.327988"
"92",,,"WT5","262.37","5.18","2023-04-11 11:16:03","35.45512","129.330215"
"93",,,"WT6","298.89","3.73","2023-04-11 11:16:03","35.455124","129.330612"
"94",,,"WT7","203.18","4.65","2023-04-11 11:16:03","35.455727","129.329498"
"95",,,"WT8","187.37","2.95","2023-04-11 11:16:03","35.456108","129.3302"
"96",,,"WT1","201.23","4.13","2023-04-11 11:14:56","35.456703","129.328354"
"97",,,"WT2","172.96","2.78","2023-04-11 11:14:56","35.456997","129.328217"
"98",,,"WT3","192.73","2.87","2023-04-11 11:14:56","35.456944","129.326667"
"99",,,"WT4","319","3.7","2023-04-11 11:14:56","35.455063","129.327988"
"100",,,"WT5","241.34","5.43","2023-04-11 11:14:56","35.45512","129.330215"
"101",,,"WT6","315.5","2.75","2023-04-11 11:14:56","35.455124","129.330612"
"102",,,"WT7","189.8","4.5","2023-04-11 11:14:56","35.455727","129.329498"
"103",,,"WT8","119.5","3.15","2023-04-11 11:14:56","35.456108","129.3302"
"104",,,"WT1","206.58","3.28","2023-04-11 11:13:50","35.456703","129.328354"
"105",,,"WT2","221.61","2.52","2023-04-11 11:13:50","35.456997","129.328217"
"106",,,"WT3","214.23","2.2","2023-04-11 11:13:50","35.456944","129.326667"
"107",,,"WT4","13.19","2.43","2023-04-11 11:13:50","35.455063","129.327988"
"108",,,"WT5","346","6.2","2023-04-11 11:13:50","35.45512","129.330215"
"109",,,"WT6","21.62","1.83","2023-04-11 11:13:50","35.455124","129.330612"
"110",,,"WT7","226.66","2.07","2023-04-11 11:13:50","35.455727","129.329498"
"111",,,"WT8","183.12","2.15","2023-04-11 11:13:50","35.456108","129.3302"
"112",,,"WT1","207","4.45","2023-04-11 11:12:44","35.456703","129.328354"
"113",,,"WT2","206.78","3.62","2023-04-11 11:12:44","35.456997","129.328217"
"114",,,"WT3","238.59","2.85","2023-04-11 11:12:44","35.456944","129.326667"
"115",,,"WT4","8","3.75","2023-04-11 11:12:44","35.455063","129.327988"
"116",,,"WT5","304.41","2.73","2023-04-11 11:12:44","35.45512","129.330215"
"117",,,"WT6","30.07","1.73","2023-04-11 11:12:44","35.455124","129.330612"
"118",,,"WT7","200.12","1.7","2023-04-11 11:12:44","35.455727","129.329498"
"119",,,"WT8","213.51","2.72","2023-04-11 11:12:44","35.456108","129.3302"
"120",,,"WT1","219.37","3.72","2023-04-11 11:11:38","35.456703","129.328354"
"121",,,"WT2","225.69","2.74","2023-04-11 11:11:38","35.456997","129.328217"
"122",,,"WT3","238.81","1.34","2023-04-11 11:11:38","35.456944","129.326667"
"123",,,"WT4","251.59","2.97","2023-04-11 11:11:38","35.455063","129.327988"
"124",,,"WT5","281.79","3.47","2023-04-11 11:11:38","35.45512","129.330215"
"125",,,"WT6","60.5","1.05","2023-04-11 11:11:38","35.455124","129.330612"
"126",,,"WT7","215.07","1.9","2023-04-11 11:11:38","35.455727","129.329498"
"127",,,"WT8","200.01","2.2","2023-04-11 11:11:38","35.456108","129.3302"
"128",,,"WT1","208.25","5.55","2023-04-11 11:10:32","35.456703","129.328354"
"129",,,"WT2","221.14","2.62","2023-04-11 11:10:32","35.456997","129.328217"
"130",,,"WT3","238.85","1.45","2023-04-11 11:10:32","35.456944","129.326667"
"131",,,"WT4","272.76","1.6","2023-04-11 11:10:32","35.455063","129.327988"
"132",,,"WT5","324","1.55","2023-04-11 11:10:32","35.45512","129.330215"
"133",,,"WT6","44","1.35","2023-04-11 11:10:32","35.455124","129.330612"
"134",,,"WT7","155.18","2.23","2023-04-11 11:10:32","35.455727","129.329498"
"135",,,"WT8","227","2.2","2023-04-11 11:10:32","35.456108","129.3302"
"136",,,"WT1","284.09","2.17","2023-04-11 11:09:26","35.456703","129.328354"
"137",,,"WT2","252","1.7","2023-04-11 11:09:26","35.456997","129.328217"
"138",,,"WT3","248.33","2.47","2023-04-11 11:09:26","35.456944","129.326667"
"139",,,"WT4","298.82","2.03","2023-04-11 11:09:26","35.455063","129.327988"
"140",,,"WT5","227.5","6.1","2023-04-11 11:09:26","35.45512","129.330215"
"141",,,"WT6","257.82","2.8","2023-04-11 11:09:26","35.455124","129.330612"
"142",,,"WT7","218.68","2.75","2023-04-11 11:09:26","35.455727","129.329498"
"143",,,"WT8","220.61","1.32","2023-04-11 11:09:26","35.456108","129.3302"
"144",,,"WT1","295.23","2.3","2023-04-11 11:08:20","35.456703","129.328354"
"145",,,"WT2","255.33","1.87","2023-04-11 11:08:20","35.456997","129.328217"
"146",,,"WT3","153.68","3.2","2023-04-11 11:08:20","35.456944","129.326667"
"147",,,"WT4","168","2.25","2023-04-11 11:08:20","35.455063","129.327988"
"148",,,"WT5","214.41","4.2","2023-04-11 11:08:20","35.45512","129.330215"
"149",,,"WT6","292.66","3.17","2023-04-11 11:08:20","35.455124","129.330612"
"150",,,"WT7","194.69","3.93","2023-04-11 11:08:20","35.455727","129.329498"
"151",,,"WT8","226.34","1.92","2023-04-11 11:08:20","35.456108","129.3302"
"152",,,"WT1","236.5","2.5","2023-04-11 11:07:14","35.456703","129.328354"
"153",,,"WT2","264.2","3.04","2023-04-11 11:07:14","35.456997","129.328217"
"154",,,"WT3","180.64","3.58","2023-04-11 11:07:14","35.456944","129.326667"
"155",,,"WT4","22","1.55","2023-04-11 11:07:14","35.455063","129.327988"
"156",,,"WT5","226.07","2.45","2023-04-11 11:07:14","35.45512","129.330215"
"157",,,"WT6","267.89","2.33","2023-04-11 11:07:14","35.455124","129.330612"
"158",,,"WT7","149","2.45","2023-04-11 11:07:14","35.455727","129.329498"
"159",,,"WT8","269.21","2.8","2023-04-11 11:07:14","35.456108","129.3302"
"160",,,"WT1","294.32","2.16","2023-04-11 11:06:08","35.456703","129.328354"
"161",,,"WT2","245.29","2.3","2023-04-11 11:06:08","35.456997","129.328217"
"162",,,"WT3","207.39","2.2","2023-04-11 11:06:08","35.456944","129.326667"
"163",,,"WT4","146","1.2","2023-04-11 11:06:08","35.455063","129.327988"
"164",,,"WT5","285","3.75","2023-04-11 11:06:08","35.45512","129.330215"
"165",,,"WT6","30","2.65","2023-04-11 11:06:08","35.455124","129.330612"
"166",,,"WT7","221.25","2.28","2023-04-11 11:06:08","35.455727","129.329498"
"167",,,"WT8","253.5","2.33","2023-04-11 11:06:08","35.456108","129.3302"
"168",,,"WT1","302.98","1.78","2023-04-11 11:05:02","35.456703","129.328354"
"169",,,"WT2","229","6.7","2023-04-11 11:05:02","35.456997","129.328217"
"170",,,"WT3","181.1","4.8","2023-04-11 11:05:02","35.456944","129.326667"
"171",,,"WT4","213.93","3.2","2023-04-11 11:05:02","35.455063","129.327988"
"172",,,"WT5","314.5","3","2023-04-11 11:05:02","35.45512","129.330215"
"173",,,"WT6","73.5","1.3","2023-04-11 11:05:02","35.455124","129.330612"
"174",,,"WT7","210.83","2.68","2023-04-11 11:05:02","35.455727","129.329498"
"175",,,"WT8","276.55","2.83","2023-04-11 11:05:02","35.456108","129.3302"
"176",,,"WT1","304","3.45","2023-04-11 11:03:56","35.456703","129.328354"
"177",,,"WT2","244.5","1.15","2023-04-11 11:03:56","35.456997","129.328217"
"178",,,"WT3","246.9","2.63","2023-04-11 11:03:56","35.456944","129.326667"
"179",,,"WT4","249","2.23","2023-04-11 11:03:56","35.455063","129.327988"
"180",,,"WT5","276.26","2.78","2023-04-11 11:03:56","35.45512","129.330215"
"181",,,"WT6","27.32","1.53","2023-04-11 11:03:56","35.455124","129.330612"
"182",,,"WT7","210.7","2.27","2023-04-11 11:03:56","35.455727","129.329498"
"183",,,"WT8","293.74","1.2","2023-04-11 11:03:56","35.456108","129.3302"
"184",,,"WT1","241.62","2.9","2023-04-11 11:02:50","35.456703","129.328354"
"185",,,"WT2","230.79","2.6","2023-04-11 11:02:50","35.456997","129.328217"
"186",,,"WT3","159.44","2.4","2023-04-11 11:02:50","35.456944","129.326667"
"187",,,"WT4","234.33","3.23","2023-04-11 11:02:50","35.455063","129.327988"
"188",,,"WT5","0","3.1","2023-04-11 11:02:50","35.45512","129.330215"
"189",,,"WT6","9","3.25","2023-04-11 11:02:50","35.455124","129.330612"
"190",,,"WT7","208.18","2.28","2023-04-11 11:02:50","35.455727","129.329498"
"191",,,"WT8","246.79","3.58","2023-04-11 11:02:50","35.456108","129.3302"
"192",,,"WT1","322.41","3.76","2023-04-11 11:01:44","35.456703","129.328354"
"193",,,"WT2","209.27","2.5","2023-04-11 11:01:44","35.456997","129.328217"
"194",,,"WT3","277.84","1.68","2023-04-11 11:01:44","35.456944","129.326667"
"195",,,"WT4","227.63","4.37","2023-04-11 11:01:44","35.455063","129.327988"
"196",,,"WT5","236.67","5.47","2023-04-11 11:01:44","35.45512","129.330215"
"197",,,"WT6","267.35","3.72","2023-04-11 11:01:44","35.455124","129.330612"
"198",,,"WT7","224","1.9","2023-04-11 11:01:44","35.455727","129.329498"
"199",,,"WT8","265","2.1","2023-04-11 11:01:44","35.456108","129.3302"
"200",,,"WT1","306.61","4.64","2023-04-11 11:00:38","35.456703","129.328354"
"201",,,"WT2","25.64","1.1","2023-04-11 11:00:38","35.456997","129.328217"
"202",,,"WT3","252.26","3.5","2023-04-11 11:00:38","35.456944","129.326667"
"203",,,"WT4","212.5","1.08","2023-04-11 11:00:38","35.455063","129.327988"
"204",,,"WT5","228.22","5.38","2023-04-11 11:00:38","35.45512","129.330215"
"205",,,"WT6","281.95","4.88","2023-04-11 11:00:38","35.455124","129.330612"
"206",,,"WT7","203.26","2.28","2023-04-11 11:00:38","35.455727","129.329498"
"207",,,"WT8","250.1","3.08","2023-04-11 11:00:38","35.456108","129.3302"
"208",,,"WT1","308.63","2.33","2023-04-11 10:59:32","35.456703","129.328354"
"209",,,"WT2","222.55","2.43","2023-04-11 10:59:32","35.456997","129.328217"
"210",,,"WT3","210.18","3.05","2023-04-11 10:59:32","35.456944","129.326667"
"211",,,"WT4","242.34","4.03","2023-04-11 10:59:32","35.455063","129.327988"
"212",,,"WT5","195.5","1.65","2023-04-11 10:59:32","35.45512","129.330215"
"213",,,"WT6","289.55","1.42","2023-04-11 10:59:32","35.455124","129.330612"
"214",,,"WT7","233.76","3.55","2023-04-11 10:59:32","35.455727","129.329498"
"215",,,"WT8","282.85","2.43","2023-04-11 10:59:32","35.456108","129.3302"
"216",,,"WT1","315.5","5.85","2023-04-11 10:58:26","35.456703","129.328354"
"217",,,"WT2","248.05","2.53","2023-04-11 10:58:26","35.456997","129.328217"
"218",,,"WT3","266.5","3.3","2023-04-11 10:58:26","35.456944","129.326667"
"219",,,"WT4","296.65","1.33","2023-04-11 10:58:26","35.455063","129.327988"
"220",,,"WT5","235.5","4.15","2023-04-11 10:58:26","35.45512","129.330215"
"221",,,"WT6","310","1.35","2023-04-11 10:58:26","35.455124","129.330612"
"222",,,"WT7","144.5","1.65","2023-04-11 10:58:26","35.455727","129.329498"
"223",,,"WT8","310.5","1.3","2023-04-11 10:58:26","35.456108","129.3302"
"224",,,"WT1","207.5","2.35","2023-04-11 10:57:20","35.456703","129.328354"
"225",,,"WT2","250","1.6","2023-04-11 10:57:20","35.456997","129.328217"
"226",,,"WT3","238.23","1.88","2023-04-11 10:57:20","35.456944","129.326667"
"227",,,"WT4","288","2","2023-04-11 10:57:20","35.455063","129.327988"
"228",,,"WT5","288.43","4.93","2023-04-11 10:57:20","35.45512","129.330215"
"229",,,"WT6","10","3.5","2023-04-11 10:57:20","35.455124","129.330612"
"230",,,"WT7","235.74","2.17","2023-04-11 10:57:20","35.455727","129.329498"
"231",,,"WT8","169.27","2.5","2023-04-11 10:57:20","35.456108","129.3302"
"232",,,"WT1","237.28","2.73","2023-04-11 10:56:14","35.456703","129.328354"
"233",,,"WT2","232.51","1.53","2023-04-11 10:56:14","35.456997","129.328217"
"234",,,"WT3","226.14","2.36","2023-04-11 10:56:14","35.456944","129.326667"
"235",,,"WT4","238","2.1","2023-04-11 10:56:14","35.455063","129.327988"
"236",,,"WT5","220","4","2023-04-11 10:56:14","35.45512","129.330215"
"237",,,"WT6","38","1.75","2023-04-11 10:56:14","35.455124","129.330612"
"238",,,"WT7","245.99","3.2","2023-04-11 10:56:14","35.455727","129.329498"
"239",,,"WT8","225","2.6","2023-04-11 10:56:14","35.456108","129.3302"
"240",,,"WT1","205","4.2","2023-04-11 10:55:08","35.456703","129.328354"
"241",,,"WT2","249.6","2.4","2023-04-11 10:55:08","35.456997","129.328217"
"242",,,"WT3","209.89","2.12","2023-04-11 10:55:08","35.456944","129.326667"
"243",,,"WT4","327","2.55","2023-04-11 10:55:08","35.455063","129.327988"
"244",,,"WT5","295.5","2.8","2023-04-11 10:55:08","35.45512","129.330215"
"245",,,"WT6","32.19","1.03","2023-04-11 10:55:08","35.455124","129.330612"
"246",,,"WT7","217.87","2.07","2023-04-11 10:55:08","35.455727","129.329498"
"247",,,"WT8","253.15","2.9","2023-04-11 10:55:08","35.456108","129.3302"
"248",,,"WT1","73","1.7","2023-04-11 10:54:02","35.456703","129.328354"
"249",,,"WT2","249.34","1.57","2023-04-11 10:54:02","35.456997","129.328217"
"250",,,"WT3","184.5","1.88","2023-04-11 10:54:02","35.456944","129.326667"
"251",,,"WT4","229.5","4.1","2023-04-11 10:54:02","35.455063","129.327988"
"252",,,"WT5","232.75","2.33","2023-04-11 10:54:02","35.45512","129.330215"
"253",,,"WT6","297","2.75","2023-04-11 10:54:02","35.455124","129.330612"
"254",,,"WT7","213.74","2.82","2023-04-11 10:54:02","35.455727","129.329498"
"255",,,"WT8","259.25","2.5","2023-04-11 10:54:02","35.456108","129.3302"
"256",,,"WT1","269.78","1.45","2023-04-11 10:52:56","35.456703","129.328354"
"257",,,"WT2","229.72","1.72","2023-04-11 10:52:56","35.456997","129.328217"
"258",,,"WT3","248.02","0.87","2023-04-11 10:52:56","35.456944","129.326667"
"259",,,"WT4","5","1.6","2023-04-11 10:52:56","35.455063","129.327988"
"260",,,"WT5","237.25","4.75","2023-04-11 10:52:56","35.45512","129.330215"
"261",,,"WT6","257.02","3.28","2023-04-11 10:52:56","35.455124","129.330612"
"262",,,"WT7","180","2.8","2023-04-11 10:52:56","35.455727","129.329498"
"263",,,"WT8","215","1.75","2023-04-11 10:52:56","35.456108","129.3302"
"264",,,"WT1","299.5","1.38","2023-04-11 10:51:50","35.456703","129.328354"
"265",,,"WT2","54.41","1.33","2023-04-11 10:51:50","35.456997","129.328217"
"266",,,"WT3","249.45","3.58","2023-04-11 10:51:50","35.456944","129.326667"
"267",,,"WT4","244.2","1.2","2023-04-11 10:51:50","35.455063","129.327988"
"268",,,"WT5","223.78","6.05","2023-04-11 10:51:50","35.45512","129.330215"
"269",,,"WT6","272.04","3.6","2023-04-11 10:51:50","35.455124","129.330612"
"270",,,"WT7","193.8","2.72","2023-04-11 10:51:50","35.455727","129.329498"
"271",,,"WT8","255.37","2.15","2023-04-11 10:51:50","35.456108","129.3302"
"272",,,"WT1","312.2","3.7","2023-04-11 10:50:44","35.456703","129.328354"
"273",,,"WT2","246.5","3.1","2023-04-11 10:50:44","35.456997","129.328217"
"274",,,"WT3","234.32","2.6","2023-04-11 10:50:44","35.456944","129.326667"
"275",,,"WT4","250.33","3.7","2023-04-11 10:50:44","35.455063","129.327988"
"276",,,"WT5","234.33","5.9","2023-04-11 10:50:44","35.45512","129.330215"
"277",,,"WT6","277.75","4.55","2023-04-11 10:50:44","35.455124","129.330612"
"278",,,"WT7","202","2.73","2023-04-11 10:50:44","35.455727","129.329498"
"279",,,"WT8","234.36","3.73","2023-04-11 10:50:44","35.456108","129.3302"
"280",,,"WT1","316.32","2.17","2023-04-11 10:49:38","35.456703","129.328354"
"281",,,"WT2","235.21","2.43","2023-04-11 10:49:38","35.456997","129.328217"
"282",,,"WT3","234.34","2.62","2023-04-11 10:49:38","35.456944","129.326667"
"283",,,"WT4","245.69","3.42","2023-04-11 10:49:38","35.455063","129.327988"
"284",,,"WT5","252","3.73","2023-04-11 10:49:38","35.45512","129.330215"
"285",,,"WT6","284.01","2.93","2023-04-11 10:49:38","35.455124","129.330612"
"286",,,"WT7","229.21","2.07","2023-04-11 10:49:38","35.455727","129.329498"
"287",,,"WT8","251.25","2.08","2023-04-11 10:49:38","35.456108","129.3302"
"288",,,"WT1","316.3","2.02","2023-04-11 10:48:32","35.456703","129.328354"
"289",,,"WT2","304","1.4","2023-04-11 10:48:32","35.456997","129.328217"
"290",,,"WT3","262.61","2.52","2023-04-11 10:48:32","35.456944","129.326667"
"291",,,"WT4","206.86","2.17","2023-04-11 10:48:32","35.455063","129.327988"
"292",,,"WT5","224.33","3.57","2023-04-11 10:48:32","35.45512","129.330215"
"293",,,"WT6","267.05","2.95","2023-04-11 10:48:32","35.455124","129.330612"
"294",,,"WT7","230.5","1.8","2023-04-11 10:48:32","35.455727","129.329498"
"295",,,"WT8","271.83","2.22","2023-04-11 10:48:32","35.456108","129.3302"
"296",,,"WT1","299","2.12","2023-04-11 10:47:26","35.456703","129.328354"
"297",,,"WT2","226.7","3.13","2023-04-11 10:47:26","35.456997","129.328217"
"298",,,"WT3","231.55","2.22","2023-04-11 10:47:26","35.456944","129.326667"
"299",,,"WT4","233","1.9","2023-04-11 10:47:26","35.455063","129.327988"
"300",,,"WT5","295.33","1.93","2023-04-11 10:47:26","35.45512","129.330215"
"301",,,"WT6","324.5","1.3","2023-04-11 10:47:26","35.455124","129.330612"
"302",,,"WT7","197.34","2.27","2023-04-11 10:47:26","35.455727","129.329498"
"303",,,"WT8","250","2.05","2023-04-11 10:47:26","35.456108","129.3302"
"304",,,"WT1","305.85","1.85","2023-04-11 10:46:20","35.456703","129.328354"
"305",,,"WT2","245.55","1.65","2023-04-11 10:46:20","35.456997","129.328217"
"306",,,"WT3","238.99","3.38","2023-04-11 10:46:20","35.456944","129.326667"
"307",,,"WT4","231.26","4.83","2023-04-11 10:46:20","35.455063","129.327988"
"308",,,"WT5","218.81","3.5","2023-04-11 10:46:20","35.45512","129.330215"
"309",,,"WT6","268.25","3.12","2023-04-11 10:46:20","35.455124","129.330612"
"310",,,"WT7","201.61","3.13","2023-04-11 10:46:20","35.455727","129.329498"
"311",,,"WT8","253.23","1.17","2023-04-11 10:46:20","35.456108","129.3302"
"312",,,"WT1","304.61","2.08","2023-04-11 10:45:14","35.456703","129.328354"
"313",,,"WT2","0","2.3","2023-04-11 10:45:14","35.456997","129.328217"
"314",,,"WT3","260.59","2.07","2023-04-11 10:45:14","35.456944","129.326667"
"315",,,"WT4","220.5","2.6","2023-04-11 10:45:14","35.455063","129.327988"
"316",,,"WT5","218.39","3.3","2023-04-11 10:45:14","35.45512","129.330215"
"317",,,"WT6","264.51","2.53","2023-04-11 10:45:14","35.455124","129.330612"
"318",,,"WT7","192.9","2.3","2023-04-11 10:45:14","35.455727","129.329498"
"319",,,"WT8","276.73","1.72","2023-04-11 10:45:14","35.456108","129.3302"
"320",,,"WT1","290.76","3.08","2023-04-11 10:44:08","35.456703","129.328354"
"321",,,"WT2","28.75","1.88","2023-04-11 10:44:08","35.456997","129.328217"
"322",,,"WT3","280.32","2.27","2023-04-11 10:44:08","35.456944","129.326667"
"323",,,"WT4","307.5","1.5","2023-04-11 10:44:08","35.455063","129.327988"
"324",,,"WT5","224.63","2.33","2023-04-11 10:44:08","35.45512","129.330215"
"325",,,"WT6","282.5","1.68","2023-04-11 10:44:08","35.455124","129.330612"
"326",,,"WT7","202.98","2.58","2023-04-11 10:44:08","35.455727","129.329498"
"327",,,"WT8","279","3","2023-04-11 10:44:08","35.456108","129.3302"
"328",,,"WT1","301.88","3.65","2023-04-11 10:43:02","35.456703","129.328354"
"329",,,"WT2","68.18","1.13","2023-04-11 10:43:02","35.456997","129.328217"
"330",,,"WT3","233.94","2.55","2023-04-11 10:43:02","35.456944","129.326667"
"331",,,"WT4","243.24","5.05","2023-04-11 10:43:02","35.455063","129.327988"
"332",,,"WT5","207.74","4.5","2023-04-11 10:43:02","35.45512","129.330215"
"333",,,"WT6","265.05","3.58","2023-04-11 10:43:02","35.455124","129.330612"
"334",,,"WT7","193.5","2.1","2023-04-11 10:43:02","35.455727","129.329498"
"335",,,"WT8","256.25","4.18","2023-04-11 10:43:02","35.456108","129.3302"
"336",,,"WT1","313.42","2.35","2023-04-11 10:41:56","35.456703","129.328354"
"337",,,"WT2","254.45","2.62","2023-04-11 10:41:56","35.456997","129.328217"
"338",,,"WT3","273.5","2.9","2023-04-11 10:41:56","35.456944","129.326667"
"339",,,"WT4","226.96","3.75","2023-04-11 10:41:56","35.455063","129.327988"
"340",,,"WT5","258.78","3.07","2023-04-11 10:41:56","35.45512","129.330215"
"341",,,"WT6","17.35","1.53","2023-04-11 10:41:56","35.455124","129.330612"
"342",,,"WT7","222.52","2.2","2023-04-11 10:41:56","35.455727","129.329498"
"343",,,"WT8","250.81","2.68","2023-04-11 10:41:56","35.456108","129.3302"
"344",,,"WT1","302.53","2.68","2023-04-11 10:40:50","35.456703","129.328354"
"345",,,"WT2","207","2.35","2023-04-11 10:40:50","35.456997","129.328217"
"346",,,"WT3","180.08","3.6","2023-04-11 10:40:50","35.456944","129.326667"
"347",,,"WT4","208.05","2.37","2023-04-11 10:40:50","35.455063","129.327988"
"348",,,"WT5","211.87","6.15","2023-04-11 10:40:50","35.45512","129.330215"
"349",,,"WT6","280.34","5.63","2023-04-11 10:40:50","35.455124","129.330612"
"350",,,"WT7","192.66","3.03","2023-04-11 10:40:50","35.455727","129.329498"
"351",,,"WT8","287.5","1.65","2023-04-11 10:40:50","35.456108","129.3302"
"352",,,"WT1","310","3.4","2023-04-11 10:39:44","35.456703","129.328354"
"353",,,"WT2","242","1.05","2023-04-11 10:39:44","35.456997","129.328217"
"354",,,"WT3","254.07","3.2","2023-04-11 10:39:44","35.456944","129.326667"
"355",,,"WT4","349","4.4","2023-04-11 10:39:44","35.455063","129.327988"
"356",,,"WT5","232.13","5.4","2023-04-11 10:39:44","35.45512","129.330215"
"357",,,"WT6","281.25","5.02","2023-04-11 10:39:44","35.455124","129.330612"
"358",,,"WT7","230.29","2.43","2023-04-11 10:39:44","35.455727","129.329498"
"359",,,"WT8","240.93","3.9","2023-04-11 10:39:44","35.456108","129.3302"
"360",,,"WT1","306.54","4.58","2023-04-11 10:38:38","35.456703","129.328354"
"361",,,"WT2","219.22","1.97","2023-04-11 10:38:38","35.456997","129.328217"
"362",,,"WT3","256.38","2.82","2023-04-11 10:38:38","35.456944","129.326667"
"363",,,"WT4","238.25","5.35","2023-04-11 10:38:38","35.455063","129.327988"
"364",,,"WT5","87","3.8","2023-04-11 10:38:38","35.45512","129.330215"
"365",,,"WT6","283.25","5.42","2023-04-11 10:38:38","35.455124","129.330612"
"366",,,"WT7","221.17","2.62","2023-04-11 10:38:38","35.455727","129.329498"
"367",,,"WT8","257.91","3.97","2023-04-11 10:38:38","35.456108","129.3302"
"368",,,"WT1","311.26","5.6","2023-04-11 10:37:32","35.456703","129.328354"
"369",,,"WT2","240.12","1.53","2023-04-11 10:37:32","35.456997","129.328217"
"370",,,"WT3","239.02","5.2","2023-04-11 10:37:32","35.456944","129.326667"
"371",,,"WT4","257.38","4.93","2023-04-11 10:37:32","35.455063","129.327988"
"372",,,"WT5","278.5","2.4","2023-04-11 10:37:32","35.45512","129.330215"
"373",,,"WT6","279.5","1.85","2023-04-11 10:37:32","35.455124","129.330612"
"374",,,"WT7","214","2.65","2023-04-11 10:37:32","35.455727","129.329498"
"375",,,"WT8","219.77","3.23","2023-04-11 10:37:32","35.456108","129.3302"
"376",,,"WT1","246.57","6.7","2023-04-11 10:36:26","35.456703","129.328354"
"377",,,"WT2","242.22","4.1","2023-04-11 10:36:26","35.456997","129.328217"
"378",,,"WT3","185.22","3.4","2023-04-11 10:36:26","35.456944","129.326667"
"379",,,"WT4","247.47","3.17","2023-04-11 10:36:26","35.455063","129.327988"
"380",,,"WT5","230.99","4.4","2023-04-11 10:36:26","35.45512","129.330215"
"381",,,"WT6","300.5","2.9","2023-04-11 10:36:26","35.455124","129.330612"
"382",,,"WT7","225.94","2.05","2023-04-11 10:36:26","35.455727","129.329498"
"383",,,"WT8","265.36","3.02","2023-04-11 10:36:26","35.456108","129.3302"
"384",,,"WT1","296.57","2.58","2023-04-11 10:35:20","35.456703","129.328354"
"385",,,"WT2","233.5","3.75","2023-04-11 10:35:20","35.456997","129.328217"
"386",,,"WT3","242.83","2.28","2023-04-11 10:35:20","35.456944","129.326667"
"387",,,"WT4","135.5","1.4","2023-04-11 10:35:20","35.455063","129.327988"
"388",,,"WT5","255.03","3.17","2023-04-11 10:35:20","35.45512","129.330215"
"389",,,"WT6","307","4.15","2023-04-11 10:35:20","35.455124","129.330612"
"390",,,"WT7","220.89","3.2","2023-04-11 10:35:20","35.455727","129.329498"
"391",,,"WT8","289","3.6","2023-04-11 10:35:20","35.456108","129.3302"
"392",,,"WT1","218","1.65","2023-04-11 10:34:14","35.456703","129.328354"
"393",,,"WT2","242.68","1.33","2023-04-11 10:34:14","35.456997","129.328217"
"394",,,"WT3","172.8","3.37","2023-04-11 10:34:14","35.456944","129.326667"
"395",,,"WT4","223","2","2023-04-11 10:34:14","35.455063","129.327988"
"396",,,"WT5","230.34","4.87","2023-04-11 10:34:14","35.45512","129.330215"
"397",,,"WT6","282.78","3.12","2023-04-11 10:34:14","35.455124","129.330612"
"398",,,"WT7","225.86","2.8","2023-04-11 10:34:14","35.455727","129.329498"
"399",,,"WT8","211.34","1.87","2023-04-11 10:34:14","35.456108","129.3302"
"400",,,"WT1","317","4","2023-04-11 10:33:08","35.456703","129.328354"
"401",,,"WT2","231.1","2.47","2023-04-11 10:33:08","35.456997","129.328217"
"402",,,"WT3","180.31","2.92","2023-04-11 10:33:08","35.456944","129.326667"
"403",,,"WT4","343","0.9","2023-04-11 10:33:08","35.455063","129.327988"
"404",,,"WT5","241.11","4.77","2023-04-11 10:33:08","35.45512","129.330215"
"405",,,"WT6","299.97","2.93","2023-04-11 10:33:08","35.455124","129.330612"
"406",,,"WT7","250.31","2.7","2023-04-11 10:33:08","35.455727","129.329498"
"407",,,"WT8","239","2.1","2023-04-11 10:33:08","35.456108","129.3302"
"408",,,"WT1","305.56","2","2023-04-11 10:32:02","35.456703","129.328354"
"409",,,"WT2","253.05","1.97","2023-04-11 10:32:02","35.456997","129.328217"
"410",,,"WT3","186.36","1.97","2023-04-11 10:32:02","35.456944","129.326667"
"411",,,"WT4","292.49","1.93","2023-04-11 10:32:02","35.455063","129.327988"
"412",,,"WT5","218.26","4.33","2023-04-11 10:32:02","35.45512","129.330215"
"413",,,"WT6","280","3.8","2023-04-11 10:32:02","35.455124","129.330612"
"414",,,"WT7","229.97","1.98","2023-04-11 10:32:02","35.455727","129.329498"
"415",,,"WT8","212.48","2.22","2023-04-11 10:32:02","35.456108","129.3302"
"416",,,"WT1","308.97","2.6","2023-04-11 10:30:56","35.456703","129.328354"
"417",,,"WT2","251.24","2.27","2023-04-11 10:30:56","35.456997","129.328217"
"418",,,"WT3","217.76","2.07","2023-04-11 10:30:56","35.456944","129.326667"
"419",,,"WT4","251.95","3.1","2023-04-11 10:30:56","35.455063","129.327988"
"420",,,"WT5","254.99","3.4","2023-04-11 10:30:56","35.45512","129.330215"
"421",,,"WT6","285.5","3.75","2023-04-11 10:30:56","35.455124","129.330612"
"422",,,"WT7","204.13","2.98","2023-04-11 10:30:56","35.455727","129.329498"
"423",,,"WT8","224.59","1.82","2023-04-11 10:30:56","35.456108","129.3302"
"424",,,"WT1","307.2","2.74","2023-04-11 10:29:50","35.456703","129.328354"
"425",,,"WT2","233.67","3.1","2023-04-11 10:29:50","35.456997","129.328217"
"426",,,"WT3","180.5","2.7","2023-04-11 10:29:50","35.456944","129.326667"
"427",,,"WT4","238.42","1.57","2023-04-11 10:29:50","35.455063","129.327988"
"428",,,"WT5","218.5","3.78","2023-04-11 10:29:50","35.45512","129.330215"
"429",,,"WT6","252","3.6","2023-04-11 10:29:50","35.455124","129.330612"
"430",,,"WT7","236","1.6","2023-04-11 10:29:50","35.455727","129.329498"
"431",,,"WT8","270.5","3.05","2023-04-11 10:29:50","35.456108","129.3302"
"432",,,"WT1","314.19","2.8","2023-04-11 10:28:44","35.456703","129.328354"
"433",,,"WT2","225.33","3.43","2023-04-11 10:28:44","35.456997","129.328217"
"434",,,"WT3","239","3.1","2023-04-11 10:28:44","35.456944","129.326667"
"435",,,"WT4","242.01","3.8","2023-04-11 10:28:44","35.455063","129.327988"
"436",,,"WT5","224.06","3.75","2023-04-11 10:28:44","35.45512","129.330215"
"437",,,"WT6","254.45","3.22","2023-04-11 10:28:44","35.455124","129.330612"
"438",,,"WT7","193.96","2.43","2023-04-11 10:28:44","35.455727","129.329498"
"439",,,"WT8","244.24","3.47","2023-04-11 10:28:44","35.456108","129.3302"
"440",,,"WT1","200.27","2.8","2023-04-11 10:27:38","35.456703","129.328354"
"441",,,"WT2","216.44","3.4","2023-04-11 10:27:38","35.456997","129.328217"
"442",,,"WT3","257.25","1.68","2023-04-11 10:27:38","35.456944","129.326667"
"443",,,"WT4","252.5","2.15","2023-04-11 10:27:38","35.455063","129.327988"
"444",,,"WT5","249","3.1","2023-04-11 10:27:38","35.45512","129.330215"
"445",,,"WT6","303","1.75","2023-04-11 10:27:38","35.455124","129.330612"
"446",,,"WT7","226.07","2.9","2023-04-11 10:27:38","35.455727","129.329498"
"447",,,"WT8","290.49","3.4","2023-04-11 10:27:38","35.456108","129.3302"
"448",,,"WT1","206.64","4.27","2023-04-11 10:26:32","35.456703","129.328354"
"449",,,"WT2","103.5","1","2023-04-11 10:26:32","35.456997","129.328217"
"450",,,"WT3","240.14","2.23","2023-04-11 10:26:32","35.456944","129.326667"
"451",,,"WT4","296","2.9","2023-04-11 10:26:32","35.455063","129.327988"
"452",,,"WT5","223.89","4.65","2023-04-11 10:26:32","35.45512","129.330215"
"453",,,"WT6","299.51","2.92","2023-04-11 10:26:32","35.455124","129.330612"
"454",,,"WT7","199.91","2.37","2023-04-11 10:26:32","35.455727","129.329498"
"455",,,"WT8","230.27","2.2","2023-04-11 10:26:32","35.456108","129.3302"
"456",,,"WT1","221.32","3.08","2023-04-11 10:25:26","35.456703","129.328354"
"457",,,"WT2","210.76","2.2","2023-04-11 10:25:26","35.456997","129.328217"
"458",,,"WT3","268.16","1.65","2023-04-11 10:25:26","35.456944","129.326667"
"459",,,"WT4","165","1.8","2023-04-11 10:25:26","35.455063","129.327988"
"460",,,"WT5","223.74","6.32","2023-04-11 10:25:26","35.45512","129.330215"
"461",,,"WT6","291.05","2.97","2023-04-11 10:25:26","35.455124","129.330612"
"462",,,"WT7","205.59","3.32","2023-04-11 10:25:26","35.455727","129.329498"
"463",,,"WT8","203.97","3.47","2023-04-11 10:25:26","35.456108","129.3302"
"464",,,"WT1","271.95","2.62","2023-04-11 10:24:20","35.456703","129.328354"
"465",,,"WT2","239.75","2.28","2023-04-11 10:24:20","35.456997","129.328217"
"466",,,"WT3","267.19","2.42","2023-04-11 10:24:20","35.456944","129.326667"
"467",,,"WT4","321","2.2","2023-04-11 10:24:20","35.455063","129.327988"
"468",,,"WT5","214.01","5.25","2023-04-11 10:24:20","35.45512","129.330215"
"469",,,"WT6","266.11","3.63","2023-04-11 10:24:20","35.455124","129.330612"
"470",,,"WT7","223.92","3.42","2023-04-11 10:24:20","35.455727","129.329498"
"471",,,"WT8","191.46","2.63","2023-04-11 10:24:20","35.456108","129.3302"
"472",,,"WT1","327","1.6","2023-04-11 10:23:14","35.456703","129.328354"
"473",,,"WT2","238.27","5.37","2023-04-11 10:23:14","35.456997","129.328217"
"474",,,"WT3","187.18","2.8","2023-04-11 10:23:14","35.456944","129.326667"
"475",,,"WT4","65","1.6","2023-04-11 10:23:14","35.455063","129.327988"
"476",,,"WT5","252.27","3.6","2023-04-11 10:23:14","35.45512","129.330215"
"477",,,"WT6","296.85","3.6","2023-04-11 10:23:14","35.455124","129.330612"
"478",,,"WT7","228.53","2.62","2023-04-11 10:23:14","35.455727","129.329498"
"479",,,"WT8","249.53","3.43","2023-04-11 10:23:14","35.456108","129.3302"
"480",,,"WT1","235.39","2.9","2023-04-11 10:22:08","35.456703","129.328354"
"481",,,"WT2","253","2.4","2023-04-11 10:22:08","35.456997","129.328217"
"482",,,"WT3","242.14","1.64","2023-04-11 10:22:08","35.456944","129.326667"
"483",,,"WT4","258","3","2023-04-11 10:22:08","35.455063","129.327988"
"484",,,"WT5","227.34","5.33","2023-04-11 10:22:08","35.45512","129.330215"
"485",,,"WT6","282.48","5.55","2023-04-11 10:22:08","35.455124","129.330612"
"486",,,"WT7","202.58","3.13","2023-04-11 10:22:08","35.455727","129.329498"
"487",,,"WT8","233.34","1.77","2023-04-11 10:22:08","35.456108","129.3302"
"488",,,"WT1","201.3","3.77","2023-04-11 10:21:02","35.456703","129.328354"
"489",,,"WT2","225.62","2.17","2023-04-11 10:21:02","35.456997","129.328217"
"490",,,"WT3","221.5","2.55","2023-04-11 10:21:02","35.456944","129.326667"
"491",,,"WT4","295","2.8","2023-04-11 10:21:02","35.455063","129.327988"
"492",,,"WT5","237.93","8.65","2023-04-11 10:21:02","35.45512","129.330215"
"493",,,"WT6","258.52","4.82","2023-04-11 10:21:02","35.455124","129.330612"
"494",,,"WT7","234.32","2.92","2023-04-11 10:21:02","35.455727","129.329498"
"495",,,"WT8","233.66","3.3","2023-04-11 10:21:02","35.456108","129.3302"
"496",,,"WT1","306.8","2.95","2023-04-11 10:19:56","35.456703","129.328354"
"497",,,"WT2","205","3.7","2023-04-11 10:19:56","35.456997","129.328217"
"498",,,"WT3","141.5","3.7","2023-04-11 10:19:56","35.456944","129.326667"
"499",,,"WT4","240.5","5.45","2023-04-11 10:19:56","35.455063","129.327988"
"500",,,"WT5","216.88","3.3","2023-04-11 10:19:56","35.45512","129.330215"
"501",,,"WT6","243","2.8","2023-04-11 10:19:56","35.455124","129.330612"
"502",,,"WT7","212.7","1.62","2023-04-11 10:19:56","35.455727","129.329498"
"503",,,"WT8","249.28","3.27","2023-04-11 10:19:56","35.456108","129.3302"
"504",,,"WT1","314.75","2.98","2023-04-11 10:18:50","35.456703","129.328354"
"505",,,"WT2","281","2.3","2023-04-11 10:18:50","35.456997","129.328217"
"506",,,"WT3","264.5","3.23","2023-04-11 10:18:50","35.456944","129.326667"
"507",,,"WT4","351","0.7","2023-04-11 10:18:50","35.455063","129.327988"
"508",,,"WT5","230.5","5.32","2023-04-11 10:18:50","35.45512","129.330215"
"509",,,"WT6","275.86","4.17","2023-04-11 10:18:50","35.455124","129.330612"
"510",,,"WT7","189.3","2.38","2023-04-11 10:18:50","35.455727","129.329498"
"511",,,"WT8","244","4.15","2023-04-11 10:18:50","35.456108","129.3302"
"512",,,"WT1","220.97","4.9","2023-04-11 10:17:44","35.456703","129.328354"
"513",,,"WT2","289.5","1.4","2023-04-11 10:17:44","35.456997","129.328217"
"514",,,"WT3","193.8","4.53","2023-04-11 10:17:44","35.456944","129.326667"
"515",,,"WT4","321","3.6","2023-04-11 10:17:44","35.455063","129.327988"
"516",,,"WT5","232.25","7.05","2023-04-11 10:17:44","35.45512","129.330215"
"517",,,"WT6","277.57","5.9","2023-04-11 10:17:44","35.455124","129.330612"
"518",,,"WT7","207.79","4.82","2023-04-11 10:17:44","35.455727","129.329498"
"519",,,"WT8","183.97","3.47","2023-04-11 10:17:44","35.456108","129.3302"
"520",,,"WT1","296.93","4.18","2023-04-11 10:16:38","35.456703","129.328354"
"521",,,"WT2","122.5","1.5","2023-04-11 10:16:38","35.456997","129.328217"
"522",,,"WT3","261.44","2.72","2023-04-11 10:16:38","35.456944","129.326667"
"523",,,"WT4","230.87","5.1","2023-04-11 10:16:38","35.455063","129.327988"
"524",,,"WT5","230.07","8.3","2023-04-11 10:16:38","35.45512","129.330215"
"525",,,"WT6","280.38","5.43","2023-04-11 10:16:38","35.455124","129.330612"
"526",,,"WT7","170","3.13","2023-04-11 10:16:38","35.455727","129.329498"
"527",,,"WT8","272.36","3.65","2023-04-11 10:16:38","35.456108","129.3302"
"528",,,"WT1","309.67","5.5","2023-04-11 10:15:32","35.456703","129.328354"
"529",,,"WT2","309.77","1.68","2023-04-11 10:15:32","35.456997","129.328217"
"530",,,"WT3","233.02","4.8","2023-04-11 10:15:32","35.456944","129.326667"
"531",,,"WT4","244.44","5.38","2023-04-11 10:15:32","35.455063","129.327988"
"532",,,"WT5","221.32","4.3","2023-04-11 10:15:32","35.45512","129.330215"
"533",,,"WT6","281.15","4.05","2023-04-11 10:15:32","35.455124","129.330612"
"534",,,"WT7","222.42","4.13","2023-04-11 10:15:32","35.455727","129.329498"
"535",,,"WT8","250.28","5.1","2023-04-11 10:15:32","35.456108","129.3302"
"536",,,"WT1","232.34","2.37","2023-04-11 10:14:26","35.456703","129.328354"
"537",,,"WT2","277.1","1.4","2023-04-11 10:14:26","35.456997","129.328217"
"538",,,"WT3","263.5","3.35","2023-04-11 10:14:26","35.456944","129.326667"
"539",,,"WT4","222.41","5.75","2023-04-11 10:14:26","35.455063","129.327988"
"540",,,"WT5","237.17","5.3","2023-04-11 10:14:26","35.45512","129.330215"
"541",,,"WT6","274.41","5","2023-04-11 10:14:26","35.455124","129.330612"
"542",,,"WT7","202.01","2.42","2023-04-11 10:14:26","35.455727","129.329498"
"543",,,"WT8","240.03","2.5","2023-04-11 10:14:26","35.456108","129.3302"
"544",,,"WT1","300.11","4.6","2023-04-11 10:13:20","35.456703","129.328354"
"545",,,"WT2","225","4.3","2023-04-11 10:13:20","35.456997","129.328217"
"546",,,"WT3","229.16","3.72","2023-04-11 10:13:20","35.456944","129.326667"
"547",,,"WT4","211","5.65","2023-04-11 10:13:20","35.455063","129.327988"
"548",,,"WT5","229.75","8.95","2023-04-11 10:13:20","35.45512","129.330215"
"549",,,"WT6","266.72","6.95","2023-04-11 10:13:20","35.455124","129.330612"
"550",,,"WT7","225.51","3.15","2023-04-11 10:13:20","35.455727","129.329498"
"551",,,"WT8","228.31","3.17","2023-04-11 10:13:20","35.456108","129.3302"
"552",,,"WT1","299.01","2.17","2023-04-11 10:12:14","35.456703","129.328354"
"553",,,"WT2","232.83","3.28","2023-04-11 10:12:14","35.456997","129.328217"
"554",,,"WT3","257.55","2.8","2023-04-11 10:12:14","35.456944","129.326667"
"555",,,"WT4","351.5","1.7","2023-04-11 10:12:14","35.455063","129.327988"
"556",,,"WT5","231.73","8.22","2023-04-11 10:12:14","35.45512","129.330215"
"557",,,"WT6","272.84","6.1","2023-04-11 10:12:14","35.455124","129.330612"
"558",,,"WT7","198.4","3.2","2023-04-11 10:12:14","35.455727","129.329498"
"559",,,"WT8","236.11","3.9","2023-04-11 10:12:14","35.456108","129.3302"
"560",,,"WT1","331.33","4.67","2023-04-11 10:11:08","35.456703","129.328354"
"561",,,"WT2","234.53","4.12","2023-04-11 10:11:08","35.456997","129.328217"
"562",,,"WT3","242.5","3.4","2023-04-11 10:11:08","35.456944","129.326667"
"563",,,"WT4","218","1.9","2023-04-11 10:11:08","35.455063","129.327988"
"564",,,"WT5","225.53","3.77","2023-04-11 10:11:08","35.45512","129.330215"
"565",,,"WT6","284.98","5","2023-04-11 10:11:08","35.455124","129.330612"
"566",,,"WT7","201.99","4.53","2023-04-11 10:11:08","35.455727","129.329498"
"567",,,"WT8","235.74","4.1","2023-04-11 10:11:08","35.456108","129.3302"
"568",,,"WT1","220","2.8","2023-04-11 10:10:02","35.456703","129.328354"
"569",,,"WT2","212.16","1.87","2023-04-11 10:10:02","35.456997","129.328217"
"570",,,"WT3","155","3.1","2023-04-11 10:10:02","35.456944","129.326667"
"571",,,"WT4","9.99","2.57","2023-04-11 10:10:02","35.455063","129.327988"
"572",,,"WT5","230","4.45","2023-04-11 10:10:02","35.45512","129.330215"
"573",,,"WT6","275.5","5.35","2023-04-11 10:10:02","35.455124","129.330612"
"574",,,"WT7","198.8","2.98","2023-04-11 10:10:02","35.455727","129.329498"
"575",,,"WT8","274","2","2023-04-11 10:10:02","35.456108","129.3302"
"576",,,"WT1","300.76","3.47","2023-04-11 10:08:56","35.456703","129.328354"
"577",,,"WT2","236","6.4","2023-04-11 10:08:56","35.456997","129.328217"
"578",,,"WT3","226.71","2.4","2023-04-11 10:08:56","35.456944","129.326667"
"579",,,"WT4","43","2.2","2023-04-11 10:08:56","35.455063","129.327988"
"580",,,"WT5","228.67","5.4","2023-04-11 10:08:56","35.45512","129.330215"
"581",,,"WT6","287.02","3.07","2023-04-11 10:08:56","35.455124","129.330612"
"582",,,"WT7","219","2.95","2023-04-11 10:08:56","35.455727","129.329498"
"583",,,"WT8","220","1.5","2023-04-11 10:08:56","35.456108","129.3302"
"584",,,"WT1","288.65","3.58","2023-04-11 10:07:50","35.456703","129.328354"
"585",,,"WT2","214","1.9","2023-04-11 10:07:50","35.456997","129.328217"
"586",,,"WT3","234.3","3.3","2023-04-11 10:07:50","35.456944","129.326667"
"587",,,"WT4","355","2.3","2023-04-11 10:07:50","35.455063","129.327988"
"588",,,"WT5","244.41","3.17","2023-04-11 10:07:50","35.45512","129.330215"
"589",,,"WT6","272.36","2.25","2023-04-11 10:07:50","35.455124","129.330612"
"590",,,"WT7","221.5","1.9","2023-04-11 10:07:50","35.455727","129.329498"
"591",,,"WT8","249.64","2.17","2023-04-11 10:07:50","35.456108","129.3302"
"592",,,"WT1","304.79","2.48","2023-04-11 10:06:44","35.456703","129.328354"
"593",,,"WT2","254.58","2.04","2023-04-11 10:06:44","35.456997","129.328217"
"594",,,"WT3","224.74","2.88","2023-04-11 10:06:44","35.456944","129.326667"
"595",,,"WT4","283.5","2.25","2023-04-11 10:06:44","35.455063","129.327988"
"596",,,"WT5","294.97","4.68","2023-04-11 10:06:44","35.45512","129.330215"
"597",,,"WT6","302","5.7","2023-04-11 10:06:44","35.455124","129.330612"
"598",,,"WT7","235.57","2.43","2023-04-11 10:06:44","35.455727","129.329498"
"599",,,"WT8","211.88","2.93","2023-04-11 10:06:44","35.456108","129.3302"
"600",,,"WT1","277.11","3.14","2023-04-11 10:05:38","35.456703","129.328354"
"601",,,"WT2","316","2.6","2023-04-11 10:05:38","35.456997","129.328217"
"602",,,"WT3","223.95","1.67","2023-04-11 10:05:38","35.456944","129.326667"
"603",,,"WT4","51.5","2.4","2023-04-11 10:05:38","35.455063","129.327988"
"604",,,"WT5","228.27","4.35","2023-04-11 10:05:38","35.45512","129.330215"
"605",,,"WT6","294","3.65","2023-04-11 10:05:38","35.455124","129.330612"
"606",,,"WT7","210.6","3.53","2023-04-11 10:05:38","35.455727","129.329498"
"607",,,"WT8","196.36","4.4","2023-04-11 10:05:38","35.456108","129.3302"
"608",,,"WT1","290.71","3.18","2023-04-11 10:04:32","35.456703","129.328354"
"609",,,"WT2","232","4.9","2023-04-11 10:04:32","35.456997","129.328217"
"610",,,"WT3","233.22","2.65","2023-04-11 10:04:32","35.456944","129.326667"
"611",,,"WT4","0","11.7","2023-04-11 10:04:32","35.455063","129.327988"
"612",,,"WT5","231.5","4.25","2023-04-11 10:04:32","35.45512","129.330215"
"613",,,"WT6","264.63","1.9","2023-04-11 10:04:32","35.455124","129.330612"
"614",,,"WT7","200.77","2.65","2023-04-11 10:04:32","35.455727","129.329498"
"615",,,"WT8","197.62","2.97","2023-04-11 10:04:32","35.456108","129.3302"
"616",,,"WT1","316.75","3.15","2023-04-11 10:03:26","35.456703","129.328354"
"617",,,"WT2","250.18","1.93","2023-04-11 10:03:26","35.456997","129.328217"
"618",,,"WT3","172.47","3.1","2023-04-11 10:03:26","35.456944","129.326667"
"619",,,"WT4","214","2.8","2023-04-11 10:03:26","35.455063","129.327988"
"620",,,"WT5","231","7.02","2023-04-11 10:03:26","35.45512","129.330215"
"621",,,"WT6","273.33","5.8","2023-04-11 10:03:26","35.455124","129.330612"
"622",,,"WT7","203.76","3.05","2023-04-11 10:03:26","35.455727","129.329498"
"623",,,"WT8","0","4.4","2023-04-11 10:03:26","35.456108","129.3302"
"624",,,"WT1","320.36","3.23","2023-04-11 10:02:20","35.456703","129.328354"
"625",,,"WT2","238.22","3.3","2023-04-11 10:02:20","35.456997","129.328217"
"626",,,"WT3","162.52","2.73","2023-04-11 10:02:20","35.456944","129.326667"
"627",,,"WT4","236.52","2.3","2023-04-11 10:02:20","35.455063","129.327988"
"628",,,"WT5","226.21","5.52","2023-04-11 10:02:20","35.45512","129.330215"
"629",,,"WT6","285.48","4.32","2023-04-11 10:02:20","35.455124","129.330612"
"630",,,"WT7","217.89","2.6","2023-04-11 10:02:20","35.455727","129.329498"
"631",,,"WT8","239.11","2.35","2023-04-11 10:02:20","35.456108","129.3302"
"632",,,"WT1","310.23","2.7","2023-04-11 10:01:14","35.456703","129.328354"
"633",,,"WT2","232.74","2.24","2023-04-11 10:01:14","35.456997","129.328217"
"634",,,"WT3","245.5","2.36","2023-04-11 10:01:14","35.456944","129.326667"
"635",,,"WT4","351","1.85","2023-04-11 10:01:14","35.455063","129.327988"
"636",,,"WT5","276","3.2","2023-04-11 10:01:14","35.45512","129.330215"
"637",,,"WT6","268.79","4.1","2023-04-11 10:01:14","35.455124","129.330612"
"638",,,"WT7","218.8","3.6","2023-04-11 10:01:14","35.455727","129.329498"
"639",,,"WT8","242","2.9","2023-04-11 10:01:14","35.456108","129.3302"
"640",,,"WT1","319.23","2.67","2023-04-11 10:00:08","35.456703","129.328354"
"641",,,"WT2","228.82","3.34","2023-04-11 10:00:08","35.456997","129.328217"
"642",,,"WT3","154","2.95","2023-04-11 10:00:08","35.456944","129.326667"
"643",,,"WT4","227.64","5.2","2023-04-11 10:00:08","35.455063","129.327988"
"644",,,"WT5","226.33","4.33","2023-04-11 10:00:08","35.45512","129.330215"
"645",,,"WT6","291.74","3.3","2023-04-11 10:00:08","35.455124","129.330612"
"646",,,"WT7","212.57","3.35","2023-04-11 10:00:08","35.455727","129.329498"
"647",,,"WT8","274.34","4.03","2023-04-11 10:00:08","35.456108","129.3302"
"648",,,"WT1","322.18","5.24","2023-04-11 09:59:02","35.456703","129.328354"
"649",,,"WT2","255.45","3.8","2023-04-11 09:59:02","35.456997","129.328217"
"650",,,"WT3","254.21","2.65","2023-04-11 09:59:02","35.456944","129.326667"
"651",,,"WT4","260.5","5.95","2023-04-11 09:59:02","35.455063","129.327988"
"652",,,"WT5","227.68","4.5","2023-04-11 09:59:02","35.45512","129.330215"
"653",,,"WT6","282.44","6.6","2023-04-11 09:59:02","35.455124","129.330612"
"654",,,"WT7","209.33","3.17","2023-04-11 09:59:02","35.455727","129.329498"
"655",,,"WT8","251.2","4.4","2023-04-11 09:59:02","35.456108","129.3302"
"656",,,"WT1","242.35","3.5","2023-04-11 09:57:56","35.456703","129.328354"
"657",,,"WT2","233.98","2.5","2023-04-11 09:57:56","35.456997","129.328217"
"658",,,"WT3","50","1.85","2023-04-11 09:57:56","35.456944","129.326667"
"659",,,"WT4","247.44","2.05","2023-04-11 09:57:56","35.455063","129.327988"
"660",,,"WT5","232.37","5.97","2023-04-11 09:57:56","35.45512","129.330215"
"661",,,"WT6","285.68","3.27","2023-04-11 09:57:56","35.455124","129.330612"
"662",,,"WT7","209.52","3.97","2023-04-11 09:57:56","35.455727","129.329498"
"663",,,"WT8","215","2.9","2023-04-11 09:57:56","35.456108","129.3302"
"664",,,"WT1","215.26","5.3","2023-04-11 09:56:50","35.456703","129.328354"
"665",,,"WT2","251","2","2023-04-11 09:56:50","35.456997","129.328217"
"666",,,"WT3","241.59","2.48","2023-04-11 09:56:50","35.456944","129.326667"
"667",,,"WT4","5.66","1.6","2023-04-11 09:56:50","35.455063","129.327988"
"668",,,"WT5","299","2.73","2023-04-11 09:56:50","35.45512","129.330215"
"669",,,"WT6","262.08","2.77","2023-04-11 09:56:50","35.455124","129.330612"
"670",,,"WT7","210.77","2.08","2023-04-11 09:56:50","35.455727","129.329498"
"671",,,"WT8","240","3.3","2023-04-11 09:56:50","35.456108","129.3302"
"672",,,"WT1","293.4","1.87","2023-04-11 09:55:44","35.456703","129.328354"
"673",,,"WT2","223","6.55","2023-04-11 09:55:44","35.456997","129.328217"
"674",,,"WT3","219.2","2.73","2023-04-11 09:55:44","35.456944","129.326667"
"675",,,"WT4","199","3.4","2023-04-11 09:55:44","35.455063","129.327988"
"676",,,"WT5","249.95","4.08","2023-04-11 09:55:44","35.45512","129.330215"
"677",,,"WT6","287.9","3.4","2023-04-11 09:55:44","35.455124","129.330612"
"678",,,"WT7","238.92","2.9","2023-04-11 09:55:44","35.455727","129.329498"
"679",,,"WT8","255.05","2.93","2023-04-11 09:55:44","35.456108","129.3302"
"680",,,"WT1","271","2.2","2023-04-11 09:54:38","35.456703","129.328354"
"681",,,"WT2","246","3","2023-04-11 09:54:38","35.456997","129.328217"
"682",,,"WT3","248.17","3.78","2023-04-11 09:54:38","35.456944","129.326667"
"683",,,"WT4","233","5.7","2023-04-11 09:54:38","35.455063","129.327988"
"684",,,"WT5","223.28","3.3","2023-04-11 09:54:38","35.45512","129.330215"
"685",,,"WT6","288.3","2.87","2023-04-11 09:54:38","35.455124","129.330612"
"686",,,"WT7","221.87","2.1","2023-04-11 09:54:38","35.455727","129.329498"
"687",,,"WT8","258.03","2.4","2023-04-11 09:54:38","35.456108","129.3302"
"688",,,"WT1","299.77","4.47","2023-04-11 09:53:32","35.456703","129.328354"
"689",,,"WT2","234","3.32","2023-04-11 09:53:32","35.456997","129.328217"
"690",,,"WT3","271.36","2.32","2023-04-11 09:53:32","35.456944","129.326667"
"691",,,"WT4","16.5","2.05","2023-04-11 09:53:32","35.455063","129.327988"
"692",,,"WT5","216.98","4.7","2023-04-11 09:53:32","35.45512","129.330215"
"693",,,"WT6","278.38","4.53","2023-04-11 09:53:32","35.455124","129.330612"
"694",,,"WT7","210.14","2.93","2023-04-11 09:53:32","35.455727","129.329498"
"695",,,"WT8","205.58","4.17","2023-04-11 09:53:32","35.456108","129.3302"
"696",,,"WT1","311.6","3.24","2023-04-11 09:52:26","35.456703","129.328354"
"697",,,"WT2","243","2.4","2023-04-11 09:52:26","35.456997","129.328217"
"698",,,"WT3","240.46","2.74","2023-04-11 09:52:26","35.456944","129.326667"
"699",,,"WT4","227","2.45","2023-04-11 09:52:26","35.455063","129.327988"
"700",,,"WT5","328.67","2.6","2023-04-11 09:52:26","35.45512","129.330215"
"701",,,"WT6","102","3.2","2023-04-11 09:52:26","35.455124","129.330612"
"702",,,"WT7","223.82","1.9","2023-04-11 09:52:26","35.455727","129.329498"
"703",,,"WT8","209.69","2.13","2023-04-11 09:52:26","35.456108","129.3302"
"704",,,"WT1","302.64","2.08","2023-04-11 09:51:20","35.456703","129.328354"
"705",,,"WT2","239.5","3","2023-04-11 09:51:20","35.456997","129.328217"
"706",,,"WT3","224.82","2.38","2023-04-11 09:51:20","35.456944","129.326667"
"707",,,"WT4","245.5","4.4","2023-04-11 09:51:20","35.455063","129.327988"
"708",,,"WT5","232","6.63","2023-04-11 09:51:20","35.45512","129.330215"
"709",,,"WT6","273.2","5.1","2023-04-11 09:51:20","35.455124","129.330612"
"710",,,"WT7","176.5","2.9","2023-04-11 09:51:20","35.455727","129.329498"
"711",,,"WT8","277.06","1.92","2023-04-11 09:51:20","35.456108","129.3302"
"712",,,"WT1","286.49","1.76","2023-04-11 09:50:14","35.456703","129.328354"
"713",,,"WT2","236.33","2.47","2023-04-11 09:50:14","35.456997","129.328217"
"714",,,"WT3","317.5","2","2023-04-11 09:50:14","35.456944","129.326667"
"715",,,"WT4","276","1.4","2023-04-11 09:50:14","35.455063","129.327988"
"716",,,"WT5","238.93","6.75","2023-04-11 09:50:14","35.45512","129.330215"
"717",,,"WT6","269.77","5.62","2023-04-11 09:50:14","35.455124","129.330612"
"718",,,"WT7","198.61","2.82","2023-04-11 09:50:14","35.455727","129.329498"
"719",,,"WT8","260.99","3.73","2023-04-11 09:50:14","35.456108","129.3302"
"720",,,"WT1","311.2","3.68","2023-04-11 09:49:08","35.456703","129.328354"
"721",,,"WT2","4.52","1.3","2023-04-11 09:49:08","35.456997","129.328217"
"722",,,"WT3","265.79","3.2","2023-04-11 09:49:08","35.456944","129.326667"
"723",,,"WT4","242.6","5.67","2023-04-11 09:49:08","35.455063","129.327988"
"724",,,"WT5","212.6","3.43","2023-04-11 09:49:08","35.45512","129.330215"
"725",,,"WT6","275.85","5.03","2023-04-11 09:49:08","35.455124","129.330612"
"726",,,"WT7","217.41","5.3","2023-04-11 09:49:08","35.455727","129.329498"
"727",,,"WT8","281.37","3.7","2023-04-11 09:49:08","35.456108","129.3302"
"728",,,"WT1","307","3.53","2023-04-11 09:48:02","35.456703","129.328354"
"729",,,"WT2","264.72","2.1","2023-04-11 09:48:02","35.456997","129.328217"
"730",,,"WT3","218.75","4.78","2023-04-11 09:48:02","35.456944","129.326667"
"731",,,"WT4","261","3.3","2023-04-11 09:48:02","35.455063","129.327988"
"732",,,"WT5","218.55","5.32","2023-04-11 09:48:02","35.45512","129.330215"
"733",,,"WT6","262.72","6.1","2023-04-11 09:48:02","35.455124","129.330612"
"734",,,"WT7","0","1.8","2023-04-11 09:48:02","35.455727","129.329498"
"735",,,"WT8","210.25","3.68","2023-04-11 09:48:02","35.456108","129.3302"
"736",,,"WT1","313.33","3.47","2023-04-11 09:46:56","35.456703","129.328354"
"737",,,"WT2","242.55","3.26","2023-04-11 09:46:56","35.456997","129.328217"
"738",,,"WT3","223.14","2","2023-04-11 09:46:56","35.456944","129.326667"
"739",,,"WT4","269.67","1.77","2023-04-11 09:46:56","35.455063","129.327988"
"740",,,"WT5","237.5","5.1","2023-04-11 09:46:56","35.45512","129.330215"
"741",,,"WT6","291.36","4.6","2023-04-11 09:46:56","35.455124","129.330612"
"742",,,"WT7","219.53","1.78","2023-04-11 09:46:56","35.455727","129.329498"
"743",,,"WT8","237.74","2.8","2023-04-11 09:46:56","35.456108","129.3302"
"744",,,"WT1","315.87","2","2023-04-11 09:45:50","35.456703","129.328354"
"745",,,"WT2","239.7","2.25","2023-04-11 09:45:50","35.456997","129.328217"
"746",,,"WT3","241.34","2.5","2023-04-11 09:45:50","35.456944","129.326667"
"747",,,"WT4","211","5.4","2023-04-11 09:45:50","35.455063","129.327988"
"748",,,"WT5","220.5","3.35","2023-04-11 09:45:50","35.45512","129.330215"
"749",,,"WT6","264.98","4.88","2023-04-11 09:45:50","35.455124","129.330612"
"750",,,"WT7","206.33","3.03","2023-04-11 09:45:50","35.455727","129.329498"
"751",,,"WT8","254.1","2.47","2023-04-11 09:45:50","35.456108","129.3302"
"752",,,"WT1","299.82","1.9","2023-04-11 09:44:44","35.456703","129.328354"
"753",,,"WT2","330","1.1","2023-04-11 09:44:44","35.456997","129.328217"
"754",,,"WT3","242.65","2.33","2023-04-11 09:44:44","35.456944","129.326667"
"755",,,"WT4","237","7","2023-04-11 09:44:44","35.455063","129.327988"
"756",,,"WT5","224.33","5","2023-04-11 09:44:44","35.45512","129.330215"
"757",,,"WT6","241.86","5.6","2023-04-11 09:44:44","35.455124","129.330612"
"758",,,"WT7","203.26","1.57","2023-04-11 09:44:44","35.455727","129.329498"
"759",,,"WT8","268.93","3.57","2023-04-11 09:44:44","35.456108","129.3302"
"760",,,"WT1","304.45","2.58","2023-04-11 09:43:38","35.456703","129.328354"
"761",,,"WT2","308","1.5","2023-04-11 09:43:38","35.456997","129.328217"
"762",,,"WT3","287.44","1.67","2023-04-11 09:43:38","35.456944","129.326667"
"763",,,"WT4","292","3.55","2023-04-11 09:43:38","35.455063","129.327988"
"764",,,"WT5","238","7.3","2023-04-11 09:43:38","35.45512","129.330215"
"765",,,"WT6","265.5","4.92","2023-04-11 09:43:38","35.455124","129.330612"
"766",,,"WT7","196","1.5","2023-04-11 09:43:38","35.455727","129.329498"
"767",,,"WT8","265.16","3.67","2023-04-11 09:43:38","35.456108","129.3302"
"768",,,"WT1","300.92","1.93","2023-04-11 09:42:32","35.456703","129.328354"
"769",,,"WT2","240.88","2.87","2023-04-11 09:42:32","35.456997","129.328217"
"770",,,"WT3","269.01","2.22","2023-04-11 09:42:32","35.456944","129.326667"
"771",,,"WT4","253.27","3.8","2023-04-11 09:42:32","35.455063","129.327988"
"772",,,"WT5","239.42","7.25","2023-04-11 09:42:32","35.45512","129.330215"
"773",,,"WT6","266.75","4.82","2023-04-11 09:42:32","35.455124","129.330612"
"774",,,"WT7","219.01","2.8","2023-04-11 09:42:32","35.455727","129.329498"
"775",,,"WT8","260.23","3.28","2023-04-11 09:42:32","35.456108","129.3302"
"776",,,"WT1","309","3.78","2023-04-11 09:41:26","35.456703","129.328354"
"777",,,"WT2","240.67","5.02","2023-04-11 09:41:26","35.456997","129.328217"
"778",,,"WT3","191.37","2.63","2023-04-11 09:41:26","35.456944","129.326667"
"779",,,"WT4","235.99","5","2023-04-11 09:41:26","35.455063","129.327988"
"780",,,"WT5","225.16","5.93","2023-04-11 09:41:26","35.45512","129.330215"
"781",,,"WT6","275.99","6.4","2023-04-11 09:41:26","35.455124","129.330612"
"782",,,"WT7","221.92","3.3","2023-04-11 09:41:26","35.455727","129.329498"
"783",,,"WT8","264.01","5.22","2023-04-11 09:41:26","35.456108","129.3302"
"784",,,"WT1","306.55","3.42","2023-04-11 09:40:20","35.456703","129.328354"
"785",,,"WT2","224.47","2.25","2023-04-11 09:40:20","35.456997","129.328217"
"786",,,"WT3","274","1.8","2023-04-11 09:40:20","35.456944","129.326667"
"787",,,"WT4","269.3","1.93","2023-04-11 09:40:20","35.455063","129.327988"
"788",,,"WT5","234.51","4.5","2023-04-11 09:40:20","35.45512","129.330215"
"789",,,"WT6","278.47","5.95","2023-04-11 09:40:20","35.455124","129.330612"
"790",,,"WT7","171","2.1","2023-04-11 09:40:20","35.455727","129.329498"
"791",,,"WT8","294.55","3.42","2023-04-11 09:40:20","35.456108","129.3302"
"792",,,"WT1","313.67","2.23","2023-04-11 09:39:14","35.456703","129.328354"
"793",,,"WT2","336","2.7","2023-04-11 09:39:14","35.456997","129.328217"
"794",,,"WT3","222.71","3.65","2023-04-11 09:39:14","35.456944","129.326667"
"795",,,"WT4","232","3.37","2023-04-11 09:39:14","35.455063","129.327988"
"796",,,"WT5","248.63","3.65","2023-04-11 09:39:14","35.45512","129.330215"
"797",,,"WT6","277.76","3.98","2023-04-11 09:39:14","35.455124","129.330612"
"798",,,"WT7","197.69","1.87","2023-04-11 09:39:14","35.455727","129.329498"
"799",,,"WT8","259.73","3.58","2023-04-11 09:39:14","35.456108","129.3302"
